
<!--  
这个为菜单列表，注意编辑的格式!例如：
<phone id="手机概览,overview">手机外观</phone>
1、手机概览：一级标题名称
2、overview：这个为assets下的各个模块文件夹的名称，记住这个值一定要与文件夹的名称对应，不然链接会出错
3、手机外观：二级标题名称
4、手机概览与overview之间的逗号为英文状态下的，请注意
5、各个模块文件夹的html文件一定要按照顺序来命名，即XXX_1到XXX_n来命名，中间不能有断续
--><phones>
<phone id="ภาพรวมและคู่มือการใช้งานฉบับย่อ,overview">แนะนำภายนอกโทรศัพท์</phone>
<phone id="ภาพรวมและคู่มือการใช้งานฉบับย่อ,overview">การติดตั้งและการเตรียมความพร้อม</phone>
<phone id="ภาพรวมและคู่มือการใช้งานฉบับย่อ,overview">ไอคอนแถบสถานะและการแจ้งเตือน</phone>
<phone id="ภาพรวมและคู่มือการใช้งานฉบับย่อ,overview">แนะนำหน้าจอหลัก</phone>

<phone id="แอปบนหน้าจอหลัก,desktop">iManager</phone>
<phone id="แอปบนหน้าจอหลัก,desktop">กล้องถ่ายรูป</phone>
<phone id="แอปบนหน้าจอหลัก,desktop">อัลบั้ม</phone>
<phone id="แอปบนหน้าจอหลัก,desktop">เครื่องคิดเลข</phone>
<phone id="แอปบนหน้าจอหลัก,desktop">บันทึกเสียง</phone>
<phone id="แอปบนหน้าจอหลัก,desktop">นาฬิกา</phone>
<phone id="แอปบนหน้าจอหลัก,desktop">เข็มทิศ</phone>
<phone id="แอปบนหน้าจอหลัก,desktop">vivo.com</phone>
<phone id="แอปบนหน้าจอหลัก,desktop">ธีม</phone>
<phone id="แอปบนหน้าจอหลัก,desktop">เพลง</phone>
<phone id="แอปบนหน้าจอหลัก,desktop">สภาพอากาศ</phone>
<phone id="แอปบนหน้าจอหลัก,desktop">EasyShare</phone>
<phone id="แอปบนหน้าจอหลัก,desktop">โน้ต</phone>
<phone id="แอปบนหน้าจอหลัก,desktop">เบราว์เซอร์</phone>
<phone id="แอปบนหน้าจอหลัก,desktop">vivoCloud</phone>
<phone id="แอปบนหน้าจอหลัก,desktop">V-Appstore</phone>
<phone id="แอปบนหน้าจอหลัก,desktop">Game Center</phone>
<phone id="แอปบนหน้าจอหลัก,desktop">วิดีโอ</phone>
<phone id="แอปบนหน้าจอหลัก,desktop">แอป Google</phone>

<phone id="โทรศัพท์และรายชื่อผู้ติดต่อ,contact">การโทร</phone>
<phone id="โทรศัพท์และรายชื่อผู้ติดต่อ,contact">การตั้งค่าการโทร</phone>
<phone id="โทรศัพท์และรายชื่อผู้ติดต่อ,contact">รายชื่อ</phone>
<phone id="โทรศัพท์และรายชื่อผู้ติดต่อ,contact">การดำเนินการเพิ่มเติม</phone>
<phone id="โทรศัพท์และรายชื่อผู้ติดต่อ,contact">ข้อความ</phone>

<phone id="การตั้งค่า,settings">เครือข่ายและอินเทอร์เน็ต</phone>
<phone id="การตั้งค่า,settings">บลูทูธและอุปกรณ์</phone>
<phone id="การตั้งค่า,settings">การแสดงผลและความสว่าง</phone>
<phone id="การตั้งค่า,settings">หน้าจอล็อคและวอลเปเปอร์</phone>
<phone id="การตั้งค่า,settings">เอฟเฟ็กต์แบบไดนามิก</phone>
<phone id="การตั้งค่า,settings">เสียง</phone>
<phone id="การตั้งค่า,settings">แอป</phone>
<phone id="การตั้งค่า,settings">แบตเตอรี่</phone>
<phone id="การตั้งค่า,settings">RAM และพื้นที่เก็บข้อมูล</phone>
<phone id="การตั้งค่า,settings">ความปลอดภัย</phone>
<phone id="การตั้งค่า,settings">ความเป็นส่วนตัว</phone>
<phone id="การตั้งค่า,settings">ตำแหน่งที่ตั้ง</phone>
<phone id="การตั้งค่า,settings">Ultra Game Mode</phone>
<phone id="การตั้งค่า,settings">ทางลัดและการเข้าถึง</phone>
<phone id="การตั้งค่า,settings">สุขภาวะดิจิทัลและการควบคุมโดยผู้ปกครอง</phone>
<phone id="การตั้งค่า,settings">Google</phone>
<phone id="การตั้งค่า,settings">บัญชี</phone>
<phone id="การตั้งค่า,settings">ระบบ</phone>
<phone id="การตั้งค่า,settings">เกี่ยวกับโทรศัพท์</phone>
<phone id="การตั้งค่า,settings" skip="usbdebug">ตัวเลือกนักพัฒนา</phone>
<phone id="การตั้งค่า,settings">การอัปเดตระบบ</phone>
<phone id="การตั้งค่า,settings" skip="appclone" check="appclone">โคลนแอป</phone>
<phone id="การตั้งค่า,settings" check="multiuser">ผู้ใช้หลายคน</phone>
<phone id="การตั้งค่า,settings">Jovi Home</phone>
<phone id="การตั้งค่า,settings">การแจ้งเตือน</phone>

<phone id="การดูแลรักษาอุปกรณ์,maintain">เกี่ยวกับการบำรุงรักษา</phone>
<phone id="การดูแลรักษาอุปกรณ์,maintain">โทรศัพท์และอุปกรณ์เสริม</phone>
<phone id="การดูแลรักษาอุปกรณ์,maintain">วิธีใช้</phone>
<phone id="การดูแลรักษาอุปกรณ์,maintain">รูปแบบไฟล์ที่รองรับ</phone>
<phone id="การดูแลรักษาอุปกรณ์,maintain" skip="usbhelp">คำแนะนำในการเชื่อมต่อ USB</phone>
</phones>