
<!--  
这个为菜单列表，注意编辑的格式!例如：
<phone id="手机概览,overview">手机外观</phone>
1、手机概览：一级标题名称
2、overview：这个为assets下的各个模块文件夹的名称，记住这个值一定要与文件夹的名称对应，不然链接会出错
3、手机外观：二级标题名称
4、手机概览与overview之间的逗号为英文状态下的，请注意
5、各个模块文件夹的html文件一定要按照顺序来命名，即XXX_1到XXX_n来命名，中间不能有断续
--><phones>
<phone id="ພາບ​ລວມ ແລະ ຄຳ​ແນະ​ນຳ​ເລີ່ມ​ຕົ້ນ​ໂດຍ​ຫຍໍ້,overview">ການ​ແນະ​ນຳ​ກ່ຽວ​ກັບ​ພາຍນອກ​ຂອ​ງ​ໂທ​ລະ​ສັບ</phone>
<phone id="ພາບ​ລວມ ແລະ ຄຳ​ແນະ​ນຳ​ເລີ່ມ​ຕົ້ນ​ໂດຍ​ຫຍໍ້,overview">​ການ​ຕິດ​ຕັ້ງ ແລະ ການ​ກະ​ກຽມ</phone>
<phone id="ພາບ​ລວມ ແລະ ຄຳ​ແນະ​ນຳ​ເລີ່ມ​ຕົ້ນ​ໂດຍ​ຫຍໍ້,overview">​ໄອ​ຄອນແຖບສະຖານະ ແລະ ການແຈ້ງເຕືອນ</phone>
<phone id="ພາບ​ລວມ ແລະ ຄຳ​ແນະ​ນຳ​ເລີ່ມ​ຕົ້ນ​ໂດຍ​ຫຍໍ້,overview">​ການ​ແນະ​ນຳໜ້າຈໍຫຼັກ​</phone>

<phone id="ແອັບໜ້າຈໍຫຼັກ,desktop">iManager</phone>
<phone id="ແອັບໜ້າຈໍຫຼັກ,desktop">ກ້ອງຖ່າຍຮູບ</phone>
<phone id="ແອັບໜ້າຈໍຫຼັກ,desktop">ອາລະບ້ຳ</phone>
<phone id="ແອັບໜ້າຈໍຫຼັກ,desktop">ຈັກຄິດໄລ່</phone>
<phone id="ແອັບໜ້າຈໍຫຼັກ,desktop">ເຄື່ອງບັນທຶກ</phone>
<phone id="ແອັບໜ້າຈໍຫຼັກ,desktop">ໂມງປຸກ</phone>
<phone id="ແອັບໜ້າຈໍຫຼັກ,desktop">ເຂັມຊີ້ທິດ</phone>
<phone id="ແອັບໜ້າຈໍຫຼັກ,desktop">vivo.com</phone>
<phone id="ແອັບໜ້າຈໍຫຼັກ,desktop">ຮູບແບບສີສັນ</phone>
<phone id="ແອັບໜ້າຈໍຫຼັກ,desktop">ເພງ</phone>
<phone id="ແອັບໜ້າຈໍຫຼັກ,desktop">ສະພາບອາກາດ</phone>
<phone id="ແອັບໜ້າຈໍຫຼັກ,desktop">EasyShare</phone>
<phone id="ແອັບໜ້າຈໍຫຼັກ,desktop">ບັນທຶກ</phone>
<phone id="ແອັບໜ້າຈໍຫຼັກ,desktop">ບຣາວເຊີ</phone>
<phone id="ແອັບໜ້າຈໍຫຼັກ,desktop">vivoCloud</phone>
<phone id="ແອັບໜ້າຈໍຫຼັກ,desktop">V-Appstore</phone>
<phone id="ແອັບໜ້າຈໍຫຼັກ,desktop">Gamecenter</phone>
<phone id="ແອັບໜ້າຈໍຫຼັກ,desktop">ວິດີໂອ</phone>
<phone id="ແອັບໜ້າຈໍຫຼັກ,desktop">ແອັບ Google</phone>

<phone id="ໂທລະສັບ ແລະ ຜູ້ຕິດຕໍ່,contact">ການໂທ</phone>
<phone id="ໂທລະສັບ ແລະ ຜູ້ຕິດຕໍ່,contact">ການຕັ້ງຄ່າການໂທ</phone>
<phone id="ໂທລະສັບ ແລະ ຜູ້ຕິດຕໍ່,contact">ລາຍຊື່ຜູ້ຕິດຕໍ່</phone>
<phone id="ໂທລະສັບ ແລະ ຜູ້ຕິດຕໍ່,contact">ການ​ດຳ​ເນີນ​ການ​ເພີ່ມ​ເຕີມ</phone>
<phone id="ໂທລະສັບ ແລະ ຜູ້ຕິດຕໍ່,contact">ຂໍ້ຄວາມ</phone>

<phone id="ການ​ຕັ້ງ​ຄ່າ,settings">ເຄືອ​ຂ່າຍ ແລະ ອິນ​ເຕີ​ເນັດ</phone>
<phone id="ການ​ຕັ້ງ​ຄ່າ,settings">ບ​ລູ​ທູດ ແລະ ອຸ​ປະ​ກອນ</phone>
<phone id="ການ​ຕັ້ງ​ຄ່າ,settings">ການສະແດງ ແລະ ຄວາມແຈ້ງ</phone>
<phone id="ການ​ຕັ້ງ​ຄ່າ,settings">​ໜ້າ​ຈໍ​ລັອກ ແລະ ພາບ​ພື້ນຫຼັງ</phone>
<phone id="ການ​ຕັ້ງ​ຄ່າ,settings">​ເອັບ​ເຝັກ​ແບບ​ໄດ​ນາ​ມິກ</phone>
<phone id="ການ​ຕັ້ງ​ຄ່າ,settings">ສຽງ</phone>
<phone id="ການ​ຕັ້ງ​ຄ່າ,settings">แอป</phone>
<phone id="ການ​ຕັ້ງ​ຄ່າ,settings">ແບັດເຕີຣີ</phone>
<phone id="ການ​ຕັ້ງ​ຄ່າ,settings">RAM ແລະ ພື້ນ​ທີ່​ເກັບ​ຂໍ້​ມູນ</phone>
<phone id="ການ​ຕັ້ງ​ຄ່າ,settings">ຄວາມປອດໄພ</phone>
<phone id="ການ​ຕັ້ງ​ຄ່າ,settings">ຄວາມເປັນສ່ວນຕົວ</phone>
<phone id="ການ​ຕັ້ງ​ຄ່າ,settings">​ຈຸດ​ທີ່​ຕັ້ງ</phone>
<phone id="ການ​ຕັ້ງ​ຄ່າ,settings">​ໂໝດເກມ​ພິ​ເສດ</phone>
<phone id="ການ​ຕັ້ງ​ຄ່າ,settings">​ທາງ​ລັດ ແລະ ການ​ຊ່ວຍ​ການ​ເຂົ້າ​ເຖິງ</phone>
<phone id="ການ​ຕັ້ງ​ຄ່າ,settings">ສຸຂະພາບດີຈີຕອນແລະການຄວບຄຸມຂອງຜູ້ປົກຄອງ</phone>
<phone id="ການ​ຕັ້ງ​ຄ່າ,settings">​Google</phone>
<phone id="ການ​ຕັ້ງ​ຄ່າ,settings">ບັນຊີ</phone>
<phone id="ການ​ຕັ້ງ​ຄ່າ,settings">ລະບົບ</phone>
<phone id="ການ​ຕັ້ງ​ຄ່າ,settings">ກ່ຽວກັບໂທລະສັບ</phone>
<phone id="ການ​ຕັ້ງ​ຄ່າ,settings" skip="usbdebug">ຕົວເລືອກນັກພັດທະນາ</phone>
<phone id="ການ​ຕັ້ງ​ຄ່າ,settings">ການອັບເດດລະບົບ</phone>
<phone id="ການ​ຕັ້ງ​ຄ່າ,settings" skip="appclone" check="appclone">​ການລອກແບບແອັບ</phone>
<phone id="ການ​ຕັ້ງ​ຄ່າ,settings" check="multiuser">​ຫຼາຍຜູ້ໃຊ້</phone>
<phone id="ການ​ຕັ້ງ​ຄ່າ,settings">ໜ້າຫຼັກ Jovi</phone>
<phone id="ການ​ຕັ້ງ​ຄ່າ,settings">การแจ้งเตือน</phone>

<phone id="ການ​ບຳ​ລຸງ​ຮັກ​ສາ ແລະ ການ​ບໍ​ລິ​ການ​ສ້ອມ​ແປງ,maintain">​ກ່ຽວ​ກັບ​ການ​ບຳ​ລຸງ​ຮັກ​ສາ</phone>
<phone id="ການ​ບຳ​ລຸງ​ຮັກ​ສາ ແລະ ການ​ບໍ​ລິ​ການ​ສ້ອມ​ແປງ,maintain">ໂທ​ລະ​ສັບ ແລະ ອຸ​ປະ​ກອນ​ເສີມ</phone>
<phone id="ການ​ບຳ​ລຸງ​ຮັກ​ສາ ແລະ ການ​ບໍ​ລິ​ການ​ສ້ອມ​ແປງ,maintain">ຊ່ວຍ​ເຫຼືອ</phone>
<phone id="ການ​ບຳ​ລຸງ​ຮັກ​ສາ ແລະ ການ​ບໍ​ລິ​ການ​ສ້ອມ​ແປງ,maintain">​ຮູບ​ແບບ​ໄຟ​ລ໌​ທີ່​ຮອງ​ຮັບ</phone>
<phone id="ການ​ບຳ​ລຸງ​ຮັກ​ສາ ແລະ ການ​ບໍ​ລິ​ການ​ສ້ອມ​ແປງ,maintain" skip="usbhelp">ຄຳ​ແນະ​ນຳ​​ກ່ຽວ​ກັບການ​ເຊື່ອມ​ຕໍ່ USB</phone>
</phones>