
<!--  
这个为菜单列表，注意编辑的格式!例如：
<phone id="手机概览,overview">手机外观</phone>
1、手机概览：一级标题名称
2、overview：这个为assets下的各个模块文件夹的名称，记住这个值一定要与文件夹的名称对应，不然链接会出错
3、手机外观：二级标题名称
4、手机概览与overview之间的逗号为英文状态下的，请注意
5、各个模块文件夹的html文件一定要按照顺序来命名，即XXX_1到XXX_n来命名，中间不能有断续
--><phones>
<phone id="Tanishuv va ishni boshlash,overview">Telefonning tashqi koʻrinishi bilan tanishish</phone>
<phone id="Tanishuv va ishni boshlash,overview">Oʻrnatish va tayyorlash</phone>
<phone id="Tanishuv va ishni boshlash,overview">Holat qatori ikonkalari va bildirishnomalar</phone>
<phone id="Tanishuv va ishni boshlash,overview">Bosh ekran bilan tanishtirish</phone>

<phone id="Bosh ekrandagi ilovalar,desktop">iManager</phone>
<phone id="Bosh ekrandagi ilovalar,desktop">Kamera</phone>
<phone id="Bosh ekrandagi ilovalar,desktop">Albomlar</phone>
<phone id="Bosh ekrandagi ilovalar,desktop">Kalkulyator</phone>
<phone id="Bosh ekrandagi ilovalar,desktop">Rekorder</phone>
<phone id="Bosh ekrandagi ilovalar,desktop">Soat</phone>
<phone id="Bosh ekrandagi ilovalar,desktop">Kompas</phone>
<phone id="Bosh ekrandagi ilovalar,desktop">vivo.com</phone>
<phone id="Bosh ekrandagi ilovalar,desktop">Mavzular</phone>
<phone id="Bosh ekrandagi ilovalar,desktop">Musiqalar</phone>
<phone id="Bosh ekrandagi ilovalar,desktop">Ob-havo</phone>
<phone id="Bosh ekrandagi ilovalar,desktop">EasyShare</phone>
<phone id="Bosh ekrandagi ilovalar,desktop">Eslatmalar</phone>
<phone id="Bosh ekrandagi ilovalar,desktop">Brauzer</phone>
<phone id="Bosh ekrandagi ilovalar,desktop">vivoCloud</phone>
<phone id="Bosh ekrandagi ilovalar,desktop">V-Appstore</phone>
<phone id="Bosh ekrandagi ilovalar,desktop">Gamecenter</phone>
<phone id="Bosh ekrandagi ilovalar,desktop">Video</phone>
<phone id="Bosh ekrandagi ilovalar,desktop">Google ilovalari</phone>

<phone id="Telefon va Kontaktlar,contact">Chaqiruvlar</phone>
<phone id="Telefon va Kontaktlar,contact">Chaqiruv sozlamalari</phone>
<phone id="Telefon va Kontaktlar,contact">Kontaktlar</phone>
<phone id="Telefon va Kontaktlar,contact">Boshqa amallar</phone>
<phone id="Telefon va Kontaktlar,contact">Xabarlar</phone>

<phone id="Sozlamalar,settings">Tarmoq va Internet</phone>
<phone id="Sozlamalar,settings">Bluetooth va qurilma aloqasi</phone>
<phone id="Sozlamalar,settings">Displey va yorqinlik</phone>
<phone id="Sozlamalar,settings">Ekran qulfi va fon rasmi</phone>
<phone id="Sozlamalar,settings">Dinamik effektlar</phone>
<phone id="Sozlamalar,settings">Tovush</phone>
<phone id="Sozlamalar,settings">Ilovalar</phone>
<phone id="Sozlamalar,settings">Batareya</phone>
<phone id="Sozlamalar,settings">RAM va xotira joyi</phone>
<phone id="Sozlamalar,settings">Xavfsizlik</phone>
<phone id="Sozlamalar,settings">Maxfiylik</phone>
<phone id="Sozlamalar,settings">Joylashuv</phone>
<phone id="Sozlamalar,settings">Ultra oʻyin rejimi</phone>
<phone id="Sozlamalar,settings">Tezkor tugmalar va maxsus imkoniyatlar</phone>
<phone id="Sozlamalar,settings">Raqamli muvozanat va ota-ona nazorati</phone>
<phone id="Sozlamalar,settings">Google</phone>
<phone id="Sozlamalar,settings">Hisoblar</phone>
<phone id="Sozlamalar,settings">Tizim</phone>
<phone id="Sozlamalar,settings">Telefon haqida</phone>
<phone id="Sozlamalar,settings" skip="usbdebug">Dasturchi sozlamalari</phone>
<phone id="Sozlamalar,settings">Tizim yangilanishi</phone>
<phone id="Sozlamalar,settings" skip="appclone" check="appclone">Ilova nusxasi</phone>
<phone id="Sozlamalar,settings" check="multiuser">Bir nechta foydalanuvchi</phone>
<phone id="Sozlamalar,settings">Jovi Bosh ekran</phone>
<phone id="Sozlamalar,settings">Bildirishnomalar</phone>

<phone id="Profilaktika va servis,maintain">Profilaktika haqida</phone>
<phone id="Profilaktika va servis,maintain">Telefon va aksessuarlar</phone>
<phone id="Profilaktika va servis,maintain">Yordam</phone>
<phone id="Profilaktika va servis,maintain">Muvofiq fayl formatlari</phone>
<phone id="Profilaktika va servis,maintain" skip="usbhelp">USB orqali ulanish koʻrsatmalari</phone>
</phones>