
<!--  
这个为菜单列表，注意编辑的格式!例如：
<phone id="手机概览,overview">手机外观</phone>
1、手机概览：一级标题名称
2、overview：这个为assets下的各个模块文件夹的名称，记住这个值一定要与文件夹的名称对应，不然链接会出错
3、手机外观：二级标题名称
4、手机概览与overview之间的逗号为英文状态下的，请注意
5、各个模块文件夹的html文件一定要按照顺序来命名，即XXX_1到XXX_n来命名，中间不能有断续
--><phones>
<phone id="Огляд і короткий посібник користувача,overview">Зовнішній вигляд телефона</phone>
<phone id="Огляд і короткий посібник користувача,overview">Налаштування й підготовка до роботи</phone>
<phone id="Огляд і короткий посібник користувача,overview">Значки й сповіщення на рядку стану</phone>
<phone id="Огляд і короткий посібник користувача,overview">Представляємо головний екран.</phone>

<phone id="Програми на головному екрані,desktop">iManager</phone>
<phone id="Програми на головному екрані,desktop">Камера</phone>
<phone id="Програми на головному екрані,desktop">Альбоми</phone>
<phone id="Програми на головному екрані,desktop">Калькулятор</phone>
<phone id="Програми на головному екрані,desktop">Диктофон</phone>
<phone id="Програми на головному екрані,desktop">Годинник</phone>
<phone id="Програми на головному екрані,desktop">Компас</phone>
<phone id="Програми на головному екрані,desktop">vivo.com</phone>
<phone id="Програми на головному екрані,desktop">Теми</phone>
<phone id="Програми на головному екрані,desktop">Музика</phone>
<phone id="Програми на головному екрані,desktop">Погода</phone>
<phone id="Програми на головному екрані,desktop">EasyShare</phone>
<phone id="Програми на головному екрані,desktop">Нотатки</phone>
<phone id="Програми на головному екрані,desktop">Браузер</phone>
<phone id="Програми на головному екрані,desktop">vivoCloud</phone>
<phone id="Програми на головному екрані,desktop">V-Appstore</phone>
<phone id="Програми на головному екрані,desktop">Gamecenter</phone>
<phone id="Програми на головному екрані,desktop">Відео</phone>
<phone id="Програми на головному екрані,desktop">Програми Google</phone>

<phone id="Телефон і контакти,contact">Виклики</phone>
<phone id="Телефон і контакти,contact">Налаштування викликів</phone>
<phone id="Телефон і контакти,contact">Контакти</phone>
<phone id="Телефон і контакти,contact">Додаткові операції</phone>
<phone id="Телефон і контакти,contact">Повідомлення</phone>

<phone id="Налаштування,settings">Мережа й Інтернет</phone>
<phone id="Налаштування,settings">Bluetooth та пристрої</phone>
<phone id="Налаштування,settings">Екран і яскравість</phone>
<phone id="Налаштування,settings">Екран блокування та шпалери</phone>
<phone id="Налаштування,settings">Динамічні ефекти</phone>
<phone id="Налаштування,settings">Звук</phone>
<phone id="Налаштування,settings">Програми</phone>
<phone id="Налаштування,settings">Акумулятор</phone>
<phone id="Налаштування,settings">RAM та обсяг пам’яті</phone>
<phone id="Налаштування,settings">Безпека</phone>
<phone id="Налаштування,settings">Конфіденційність</phone>
<phone id="Налаштування,settings">Місцезнаходження</phone>
<phone id="Налаштування,settings">Ігровий режим Ultra</phone>
<phone id="Налаштування,settings">Швидкі команди та спеціальні можливості</phone>
<phone id="Налаштування,settings">Цифровий добробут i батьківський контроль</phone>
<phone id="Налаштування,settings">Google</phone>
<phone id="Налаштування,settings">Обліковий запис</phone>
<phone id="Налаштування,settings">Система</phone>
<phone id="Налаштування,settings">Про телефон</phone>
<phone id="Налаштування,settings" skip="usbdebug">Параметри розробника</phone>
<phone id="Налаштування,settings">Оновлення системи</phone>
<phone id="Налаштування,settings" skip="appclone" check="appclone">Клон програми</phone>
<phone id="Налаштування,settings" check="multiuser">Кілька користувачів</phone>
<phone id="Налаштування,settings">Головна сторінка Jovi</phone>
<phone id="Налаштування,settings">Сповіщення</phone>

<phone id="Обслуговування,maintain">Про технічне обслуговування</phone>
<phone id="Обслуговування,maintain">Телефон та аксесуари</phone>
<phone id="Обслуговування,maintain">Допомога</phone>
<phone id="Обслуговування,maintain">Формати файлів, що підтримуються</phone>
<phone id="Обслуговування,maintain" skip="usbhelp">Інструкції з підключення через USB</phone>
</phones>