<!--  
这个为菜单列表，注意编辑的格式!例如：
<phone id="手机概览,overview">手机外观</phone>
1、手机概览：一级标题名称
2、overview：这个为assets下的各个模块文件夹的名称，记住这个值一定要与文件夹的名称对应，不然链接会出错
3、手机外观：二级标题名称
4、手机概览与overview之间的逗号为英文状态下的，请注意
5、各个模块文件夹的html文件一定要按照顺序来命名，即XXX_1到XXX_n来命名，中间不能有断续
-->
<phones>
<phone id="Przegląd i skrócona instrukcja obsługi,overview">Informacje o wyglądzie zewnętrznym telefonu</phone>
<phone id="Przegląd i skrócona instrukcja obsługi,overview">Instalacja i przygotowanie</phone>
<phone id="Przegląd i skrócona instrukcja obsługi,overview">Ikony i powiadomienia na pasku stanu</phone>
<phone id="Przegląd i skrócona instrukcja obsługi,overview">Wprowadzenie do ekranu głównego</phone>

<phone id="Aplikacje komputerowe,desktop">iManager</phone>
<phone id="Aplikacje komputerowe,desktop">Aparat</phone>
<phone id="Aplikacje komputerowe,desktop">Albumy</phone>
<phone id="Aplikacje komputerowe,desktop">Kalkulator</phone>
<phone id="Aplikacje komputerowe,desktop">Dyktafon</phone>
<phone id="Aplikacje komputerowe,desktop">Zegar</phone>
<phone id="Aplikacje komputerowe,desktop">Kompas</phone>
<phone id="Aplikacje komputerowe,desktop">vivo.com</phone>
<phone id="Aplikacje komputerowe,desktop">Motywy</phone>
<phone id="Aplikacje komputerowe,desktop">Muzyka</phone>
<phone id="Aplikacje komputerowe,desktop">Pogoda</phone>
<phone id="Aplikacje komputerowe,desktop">EasyShare</phone>
<phone id="Aplikacje komputerowe,desktop">Notatki</phone>
<phone id="Aplikacje komputerowe,desktop">Przeglądarka</phone>
<phone id="Aplikacje komputerowe,desktop">vivo Cloud</phone>
<phone id="Aplikacje komputerowe,desktop">V-Appstore</phone>
<phone id="Aplikacje komputerowe,desktop">Centrum gier</phone>
<phone id="Aplikacje komputerowe,desktop">Video</phone>
<phone id="Aplikacje komputerowe,desktop">Aplikacje Google</phone>

<phone id="Telefon i kontakty,contact">Połączenia</phone>
<phone id="Telefon i kontakty,contact">Ustawienia połączeń</phone>
<phone id="Telefon i kontakty,contact">Kontakty</phone>
<phone id="Telefon i kontakty,contact">Więcej operacji</phone>
<phone id="Telefon i kontakty,contact">Wiadomości</phone>

<phone id="Ustawienia,settings">Sieć i internet</phone>
<phone id="Ustawienia,settings">Bluetooth i połączenie urządzeń</phone>
<phone id="Ustawienia,settings">Wyświetlacz i jasność</phone>
<phone id="Ustawienia,settings">Ekran blokady i tapeta</phone>
<phone id="Ustawienia,settings">Efekty dynamiczne</phone>
<phone id="Ustawienia,settings">Dźwięk</phone>
<phone id="Ustawienia,settings">Aplikacje</phone>
<phone id="Ustawienia,settings">Bateria</phone>
<phone id="Ustawienia,settings">Pamięć RAM i pamięć masowa</phone>
<phone id="Ustawienia,settings">Zabezpieczenia</phone>
<phone id="Ustawienia,settings">Prywatność</phone>
<phone id="Ustawienia,settings">Lokalizacja</phone>
<phone id="Ustawienia,settings">Tryb ultragry</phone>
<phone id="Ustawienia,settings">Skróty i ułatwienia dostępu</phone>
<phone id="Ustawienia,settings">Cyfrowa równowaga i kontrola rodzicielska</phone>
<phone id="Ustawienia,settings">Google</phone>
<phone id="Ustawienia,settings">Konta</phone>
<phone id="Ustawienia,settings">System</phone>
<phone id="Ustawienia,settings">Informacje o telefonie</phone>
<phone id="Ustawienia,settings" skip="usbdebug">Opcje programistyczne</phone>
<phone id="Ustawienia,settings">Aktualizacja systemu</phone>
<phone id="Ustawienia,settings" skip="appclone" check="appclone">Klon aplikacji</phone>
<phone id="Ustawienia,settings" check="multiuser">Wielu użytkowników</phone>
<phone id="Ustawienia,settings">Strona główna Jovi</phone>
<phone id="Ustawienia,settings">Powiadamianie</phone>

<phone id="Konserwacja i serwis,maintain">Konserwacja</phone>
<phone id="Konserwacja i serwis,maintain">Telefon i akcesoria</phone>
<phone id="Konserwacja i serwis,maintain">Pomoc</phone>
<phone id="Konserwacja i serwis,maintain">Obsługiwane formaty plików</phone>
<phone id="Konserwacja i serwis,maintain" skip="usbhelp">Instrukcja połączenia USB</phone>
</phones>