
<!--  
这个为菜单列表，注意编辑的格式!例如：
<phone id="手机概览,overview">手机外观</phone>
1、手机概览：一级标题名称
2、overview：这个为assets下的各个模块文件夹的名称，记住这个值一定要与文件夹的名称对应，不然链接会出错
3、手机外观：二级标题名称
4、手机概览与overview之间的逗号为英文状态下的，请注意
5、各个模块文件夹的html文件一定要按照顺序来命名，即XXX_1到XXX_n来命名，中间不能有断续
--><phones>
<phone id="Ringkasan dan Panduan mula pantas,overview">Pengenalan kepada luaran telefon</phone>
<phone id="Ringkasan dan Panduan mula pantas,overview">Pemasangan dan Persediaan</phone>
<phone id="Ringkasan dan Panduan mula pantas,overview">Ikon bar status dan pemberitahuan</phone>
<phone id="Ringkasan dan Panduan mula pantas,overview">Memperkenalkan skrin utama</phone>

<phone id="Aplikasi skrin utama,desktop">iManager</phone>
<phone id="Aplikasi skrin utama,desktop">Kamera</phone>
<phone id="Aplikasi skrin utama,desktop">Album</phone>
<phone id="Aplikasi skrin utama,desktop">Kalkulator</phone>
<phone id="Aplikasi skrin utama,desktop">Perakam</phone>
<phone id="Aplikasi skrin utama,desktop">Jam</phone>
<phone id="Aplikasi skrin utama,desktop">Kompas</phone>
<phone id="Aplikasi skrin utama,desktop">vivo.com</phone>
<phone id="Aplikasi skrin utama,desktop">Tema</phone>
<phone id="Aplikasi skrin utama,desktop">Muzik</phone>
<phone id="Aplikasi skrin utama,desktop">Cuaca</phone>
<phone id="Aplikasi skrin utama,desktop">EasyShare</phone>
<phone id="Aplikasi skrin utama,desktop">Nota</phone>
<phone id="Aplikasi skrin utama,desktop">Penyemak imbas</phone>
<phone id="Aplikasi skrin utama,desktop">vivoCloud</phone>
<phone id="Aplikasi skrin utama,desktop">V-Appstore</phone>
<phone id="Aplikasi skrin utama,desktop">Gamecenter</phone>
<phone id="Aplikasi skrin utama,desktop">Video</phone>
<phone id="Aplikasi skrin utama,desktop">Aplikasi Google</phone>

<phone id="Telefon dan Kenalan,contact">Menghubungi</phone>
<phone id="Telefon dan Kenalan,contact">Tetapan panggilan</phone>
<phone id="Telefon dan Kenalan,contact">Kenalan</phone>
<phone id="Telefon dan Kenalan,contact">Operasi selanjutnya</phone>
<phone id="Telefon dan Kenalan,contact">Mesej</phone>

<phone id="Tetapan,settings">Rangkaian dan Internet</phone>
<phone id="Tetapan,settings">Bluetooth &amp; peranti</phone>
<phone id="Tetapan,settings">Paparan dan Kecerahan</phone>
<phone id="Tetapan,settings">Skrin kunci dan kertas dinding</phone>
<phone id="Tetapan,settings">Kesan Dinamik</phone>
<phone id="Tetapan,settings">Bunyi</phone>
<phone id="Tetapan,settings">Aplikasi</phone>
<phone id="Tetapan,settings">Bateri</phone>
<phone id="Tetapan,settings">RAM &amp; ruang storan</phone>
<phone id="Tetapan,settings">Keselamatan</phone>
<phone id="Tetapan,settings">Privasi</phone>
<phone id="Tetapan,settings">Lokasi</phone>
<phone id="Tetapan,settings">Mod Permainan Ultra</phone>
<phone id="Tetapan,settings">Pintasan dan Kebolehcapaian</phone>
<phone id="Tetapan,settings">Kesejahteraan Digital &amp; kawalan ibu bapa</phone>
<phone id="Tetapan,settings">Google</phone>
<phone id="Tetapan,settings">Akaun</phone>
<phone id="Tetapan,settings">Sistem</phone>
<phone id="Tetapan,settings">Perihal telefon</phone>
<phone id="Tetapan,settings" skip="usbdebug">Pilihan pembangun</phone>
<phone id="Tetapan,settings">Kemas kini sistem</phone>
<phone id="Tetapan,settings" skip="appclone" check="appclone">Aplikasi klon</phone>
<phone id="Tetapan,settings" check="multiuser">Berbilang pengguna</phone>
<phone id="Tetapan,settings">Jovi Home</phone>
<phone id="Tetapan,settings">Pemberitahuan</phone>

<phone id="Penyelenggaraan dan servis,maintain">Mengenai penyelenggaraan</phone>
<phone id="Penyelenggaraan dan servis,maintain">Telefon dan aksesori</phone>
<phone id="Penyelenggaraan dan servis,maintain">Bantuan</phone>
<phone id="Penyelenggaraan dan servis,maintain">Format fail yang disokong</phone>
<phone id="Penyelenggaraan dan servis,maintain" skip="usbhelp">Arahan untuk penyambungan USB</phone>
</phones>