
<!--  
这个为菜单列表，注意编辑的格式!例如：
<phone id="手机概览,overview">手机外观</phone>
1、手机概览：一级标题名称
2、overview：这个为assets下的各个模块文件夹的名称，记住这个值一定要与文件夹的名称对应，不然链接会出错
3、手机外观：二级标题名称
4、手机概览与overview之间的逗号为英文状态下的，请注意
5、各个模块文件夹的html文件一定要按照顺序来命名，即XXX_1到XXX_n来命名，中间不能有断续
--><phones>
<phone id="Преглед и брз старт,overview">Вовед во надворешниот дел на телефонот</phone>
<phone id="Преглед и брз старт,overview">Поставување и подготовка</phone>
<phone id="Преглед и брз старт,overview">Икони и известувања на статусната лента</phone>
<phone id="Преглед и брз старт,overview">За почетниот екран</phone>

<phone id="Апликации на почетниот екран,desktop">iManager</phone>
<phone id="Апликации на почетниот екран,desktop">Камера</phone>
<phone id="Апликации на почетниот екран,desktop">Албуми</phone>
<phone id="Апликации на почетниот екран,desktop">Калкулатор</phone>
<phone id="Апликации на почетниот екран,desktop">Снимач</phone>
<phone id="Апликации на почетниот екран,desktop">Часовник</phone>
<phone id="Апликации на почетниот екран,desktop">Компас</phone>
<phone id="Апликации на почетниот екран,desktop">vivo.com</phone>
<phone id="Апликации на почетниот екран,desktop">Теми</phone>
<phone id="Апликации на почетниот екран,desktop">Музика</phone>
<phone id="Апликации на почетниот екран,desktop">Време</phone>
<phone id="Апликации на почетниот екран,desktop">EasyShare</phone>
<phone id="Апликации на почетниот екран,desktop">Белешки</phone>
<phone id="Апликации на почетниот екран,desktop">Прелистувач</phone>
<phone id="Апликации на почетниот екран,desktop">vivoCloud</phone>
<phone id="Апликации на почетниот екран,desktop">V-Appstore</phone>
<phone id="Апликации на почетниот екран,desktop">Центар за игри</phone>
<phone id="Апликации на почетниот екран,desktop">Видео</phone>
<phone id="Апликации на почетниот екран,desktop">Апликации на Google</phone>

<phone id="Телефон и контакти,contact">Повици</phone>
<phone id="Телефон и контакти,contact">Поставки за повик</phone>
<phone id="Телефон и контакти,contact">Контакти</phone>
<phone id="Телефон и контакти,contact">Повеќе операции</phone>
<phone id="Телефон и контакти,contact">Пораки</phone>

<phone id="Поставки,settings">Мрежа и интернет</phone>
<phone id="Поставки,settings">Bluetooth и уреди</phone>
<phone id="Поставки,settings">Екран и осветленост</phone>
<phone id="Поставки,settings">Заклучен екран и тапет</phone>
<phone id="Поставки,settings">Динамични ефекти</phone>
<phone id="Поставки,settings">Звук</phone>
<phone id="Поставки,settings">Апликации</phone>
<phone id="Поставки,settings">Батерија</phone>
<phone id="Поставки,settings">RAM и мемориски простор</phone>
<phone id="Поставки,settings">Безбедност</phone>
<phone id="Поставки,settings">Приватност</phone>
<phone id="Поставки,settings">Локација</phone>
<phone id="Поставки,settings">Ултра режим на игри</phone>
<phone id="Поставки,settings">Кратенки и пристапност</phone>
<phone id="Поставки,settings">Дигитална благосостојба и родителски контроли</phone>
<phone id="Поставки,settings">Google</phone>
<phone id="Поставки,settings">Сметки</phone>
<phone id="Поставки,settings">Систем</phone>
<phone id="Поставки,settings">За телефонот</phone>
<phone id="Поставки,settings" skip="usbdebug">Опции за програмери</phone>
<phone id="Поставки,settings">Ажурирање на системот</phone>
<phone id="Поставки,settings" skip="appclone" check="appclone">Клонирање апликација</phone>
<phone id="Поставки,settings" check="multiuser">Повеќе корисници</phone>
<phone id="Поставки,settings">Jovi Home</phone>
<phone id="Поставки,settings">Известување</phone>

<phone id="Одржување на уредот,maintain">За одржувањето</phone>
<phone id="Одржување на уредот,maintain">Телефон и додатоци</phone>
<phone id="Одржување на уредот,maintain">Помош</phone>
<phone id="Одржување на уредот,maintain">Поддржани формати на датотеки</phone>
<phone id="Одржување на уредот,maintain" skip="usbhelp">Упатства за поврзување преку USB</phone>
</phones>