<!--  
这个为菜单列表，注意编辑的格式!例如：
<phone id="手机概览,overview">手机外观</phone>
1、手机概览：一级标题名称
2、overview：这个为assets下的各个模块文件夹的名称，记住这个值一定要与文件夹的名称对应，不然链接会出错
3、手机外观：二级标题名称
4、手机概览与overview之间的逗号为英文状态下的，请注意
5、各个模块文件夹的html文件一定要按照顺序来命名，即XXX_1到XXX_n来命名，中间不能有断续
-->
<phones>
<phone id="Pamja e përgjithshme dhe Nisja e shpejtë,overview">Prezantimi i pamjes së jashtme të telefonit</phone>
<phone id="Pamja e përgjithshme dhe Nisja e shpejtë,overview">Instalimi dhe përgatitja</phone>
<phone id="Pamja e përgjithshme dhe Nisja e shpejtë,overview">Ikonat e shiritit të statusit dhe njoftimet</phone>
<phone id="Pamja e përgjithshme dhe Nisja e shpejtë,overview">Rreth ekranit të faqes kryesore</phone>

<phone id="Aplikacionet e ekranit kryesor,desktop">iManager</phone>
<phone id="Aplikacionet e ekranit kryesor,desktop">Kamera</phone>
<phone id="Aplikacionet e ekranit kryesor,desktop">Albumet</phone>
<phone id="Aplikacionet e ekranit kryesor,desktop">Makina llogaritëse</phone>
<phone id="Aplikacionet e ekranit kryesor,desktop">Regjistruesi</phone>
<phone id="Aplikacionet e ekranit kryesor,desktop">Ora</phone>
<phone id="Aplikacionet e ekranit kryesor,desktop">Busulla</phone>
<phone id="Aplikacionet e ekranit kryesor,desktop">vivo.com</phone>
<phone id="Aplikacionet e ekranit kryesor,desktop">Temat</phone>
<phone id="Aplikacionet e ekranit kryesor,desktop">Muzika</phone>
<phone id="Aplikacionet e ekranit kryesor,desktop">Moti</phone>
<phone id="Aplikacionet e ekranit kryesor,desktop">EasyShare</phone>
<phone id="Aplikacionet e ekranit kryesor,desktop">Shënime</phone>
<phone id="Aplikacionet e ekranit kryesor,desktop">Shfletuesi</phone>
<phone id="Aplikacionet e ekranit kryesor,desktop">vivoCloud</phone>
<phone id="Aplikacionet e ekranit kryesor,desktop">V-Appstore</phone>
<phone id="Aplikacionet e ekranit kryesor,desktop">Gamecenter</phone>
<phone id="Aplikacionet e ekranit kryesor,desktop">Video</phone>
<phone id="Aplikacionet e ekranit kryesor,desktop">Aplikacionet e Google</phone>

<phone id="Telefoni dhe Kontaktet,contact">Telefonatat</phone>
<phone id="Telefoni dhe Kontaktet,contact">Parametrat e telefonatave</phone>
<phone id="Telefoni dhe Kontaktet,contact">Kontakte</phone>
<phone id="Telefoni dhe Kontaktet,contact">Më shumë veprime</phone>
<phone id="Telefoni dhe Kontaktet,contact">Mesazhet</phone>

<phone id="Cilësimet,settings">Rrjeti dhe interneti</phone>
<phone id="Cilësimet,settings">Bluetooth dhe pajisjet</phone>
<phone id="Cilësimet,settings">Ekrani dhe ndriçimi</phone>
<phone id="Cilësimet,settings">Ekrani i kyçur dhe figura e sfondit</phone>
<phone id="Cilësimet,settings">Efektet dinamike</phone>
<phone id="Cilësimet,settings">Tingulli</phone>
<phone id="Cilësimet,settings">Aplikacionet</phone>
<phone id="Cilësimet,settings">Bateria</phone>
<phone id="Cilësimet,settings">RAM dhe hapësira e memories</phone>
<phone id="Cilësimet,settings">Siguria</phone>
<phone id="Cilësimet,settings">Privatësia</phone>
<phone id="Cilësimet,settings">Vendndodhja</phone>
<phone id="Cilësimet,settings">Modaliteti ultra lojë</phone>
<phone id="Cilësimet,settings">Shkurtoret dhe aksesibiliteti</phone>
<phone id="Cilësimet,settings">Mirëqenia dixhitale dhe kontrollet prindërore</phone>
<phone id="Cilësimet,settings">Google</phone>
<phone id="Cilësimet,settings">Llogaritë</phone>
<phone id="Cilësimet,settings">Sistemi</phone>
<phone id="Cilësimet,settings">Rreth telefonit</phone>
<phone id="Cilësimet,settings" skip="usbdebug">Opsionet e zhvilluesit</phone>
<phone id="Cilësimet,settings">Përditësimi i sistemit</phone>
<phone id="Cilësimet,settings" skip="appclone" check="appclone">Klonimi i aplikacionit</phone>
<phone id="Cilësimet,settings" check="multiuser">Disa përdorues</phone>
<phone id="Cilësimet,settings">Jovi Home</phone>
<phone id="Cilësimet,settings">Njoftim</phone>

<phone id="Mirëmbajtja dhe shërbimet,maintain">Rreth mirëmbajtjes</phone>
<phone id="Mirëmbajtja dhe shërbimet,maintain">Telefoni dhe aksesorët</phone>
<phone id="Mirëmbajtja dhe shërbimet,maintain">Ndihmë</phone>
<phone id="Mirëmbajtja dhe shërbimet,maintain">Formatet e mbështetura të skedarëve</phone>
<phone id="Mirëmbajtja dhe shërbimet,maintain" skip="usbhelp">Udhëzimet për lidhjen me USB</phone>
</phones>