<!--  
这个为菜单列表，注意编辑的格式!例如：
<phone id="手机概览,overview">手机外观</phone>
1、手机概览：一级标题名称
2、overview：这个为assets下的各个模块文件夹的名称，记住这个值一定要与文件夹的名称对应，不然链接会出错
3、手机外观：二级标题名称
4、手机概览与overview之间的逗号为英文状态下的，请注意
5、各个模块文件夹的html文件一定要按照顺序来命名，即XXX_1到XXX_n来命名，中间不能有断续
-->
<phones>
<phone id="Visão geral e início rápido,overview">Introdução à parte externa do telefone</phone>
<phone id="Visão geral e início rápido,overview">Instalação e preparação</phone>
<phone id="Visão geral e início rápido,overview">Ícones e notificações da barra de status</phone>
<phone id="Visão geral e início rápido,overview">Sobre a tela inicial</phone>

<phone id="Aplicativos na tela inicial,desktop">iManager</phone>
<phone id="Aplicativos na tela inicial,desktop">Câmera</phone>
<phone id="Aplicativos na tela inicial,desktop">Álbuns</phone>
<phone id="Aplicativos na tela inicial,desktop">Calculadora</phone>
<phone id="Aplicativos na tela inicial,desktop">Gravador</phone>
<phone id="Aplicativos na tela inicial,desktop">Relógio</phone>
<phone id="Aplicativos na tela inicial,desktop">Bússola</phone>
<phone id="Aplicativos na tela inicial,desktop">vivo.com</phone>
<phone id="Aplicativos na tela inicial,desktop">Temas</phone>
<phone id="Aplicativos na tela inicial,desktop">Música</phone>
<phone id="Aplicativos na tela inicial,desktop">Clima</phone>
<phone id="Aplicativos na tela inicial,desktop">EasyShare</phone>
<phone id="Aplicativos na tela inicial,desktop">Notas</phone>
<phone id="Aplicativos na tela inicial,desktop">Navegador</phone>
<phone id="Aplicativos na tela inicial,desktop">vivoCloud</phone>
<phone id="Aplicativos na tela inicial,desktop">V-Appstore</phone>
<phone id="Aplicativos na tela inicial,desktop">Central de jogos</phone>
<phone id="Aplicativos na tela inicial,desktop">Vídeo</phone>
<phone id="Aplicativos na tela inicial,desktop">Apps do Google</phone>

<phone id="Telefone e contatos,contact">Chamadas</phone>
<phone id="Telefone e contatos,contact">Configurações de chamadas</phone>
<phone id="Telefone e contatos,contact">Contatos</phone>
<phone id="Telefone e contatos,contact">Mais Operações</phone>
<phone id="Telefone e contatos,contact">Mensagens</phone>

<phone id="Configurações,settings">Rede e Internet</phone>
<phone id="Configurações,settings">Bluetooth e dispositivos</phone>
<phone id="Configurações,settings">Exibição e brilho</phone>
<phone id="Configurações,settings">Tela de bloqueio e plano de fundo</phone>
<phone id="Configurações,settings">Efeitos dinâmicos</phone>
<phone id="Configurações,settings">Som</phone>
<phone id="Configurações,settings">Apps</phone>
<phone id="Configurações,settings">Bateria</phone>
<phone id="Configurações,settings">RAM e espaço de armazenamento</phone>
<phone id="Configurações,settings">Segurança</phone>
<phone id="Configurações,settings">Privacidade</phone>
<phone id="Configurações,settings">Localização</phone>
<phone id="Configurações,settings">Ultramodo de jogos</phone>
<phone id="Configurações,settings">Atalhos e acessibilidade</phone>
<phone id="Configurações,settings">Bem-estar digital e controle dos responsáveis</phone>
<phone id="Configurações,settings">Google</phone>
<phone id="Configurações,settings">Contas</phone>
<phone id="Configurações,settings">Sistema</phone>
<phone id="Configurações,settings">Sobre o telefone</phone>
<phone id="Configurações,settings" skip="usbdebug">Opções do desenvolvedor</phone>
<phone id="Configurações,settings">Atualização do sistema</phone>
<phone id="Configurações,settings" skip="appclone" check="appclone">Clone de app</phone>
<phone id="Configurações,settings" check="multiuser">Vários usuários</phone>
<phone id="Configurações,settings">Jovi Home</phone>
<phone id="Configurações,settings">Notificação</phone>

<phone id="Manutenção e serviços,maintain">Sobre a manutenção</phone>
<phone id="Manutenção e serviços,maintain">Telefone e acessórios</phone>
<phone id="Manutenção e serviços,maintain">Ajuda</phone>
<phone id="Manutenção e serviços,maintain">Formatos de arquivo compatíveis</phone>
<phone id="Manutenção e serviços,maintain" skip="usbhelp">Instruções para conexão com o USB</phone>
</phones>