
<!--  
这个为菜单列表，注意编辑的格式!例如：
<phone id="手机概览,overview">手机外观</phone>
1、手机概览：一级标题名称
2、overview：这个为assets下的各个模块文件夹的名称，记住这个值一定要与文件夹的名称对应，不然链接会出错
3、手机外观：二级标题名称
4、手机概览与overview之间的逗号为英文状态下的，请注意
5、各个模块文件夹的html文件一定要按照顺序来命名，即XXX_1到XXX_n来命名，中间不能有断续
--><phones>
<phone id="Prehľad a rýchly štart,overview">Predstavenie vonkajších prvkov telefónu</phone>
<phone id="Prehľad a rýchly štart,overview">Inštalácia a príprava</phone>
<phone id="Prehľad a rýchly štart,overview">Ikony a notifikácie v stavovom riadku</phone>
<phone id="Prehľad a rýchly štart,overview">Informácie o hlavnej obrazovke</phone>

<phone id="Aplikácie na hlavnej obrazovke,desktop">iManager</phone>
<phone id="Aplikácie na hlavnej obrazovke,desktop">Fotoaparát</phone>
<phone id="Aplikácie na hlavnej obrazovke,desktop">Albumy</phone>
<phone id="Aplikácie na hlavnej obrazovke,desktop">Kalkulačka</phone>
<phone id="Aplikácie na hlavnej obrazovke,desktop">Záznamník</phone>
<phone id="Aplikácie na hlavnej obrazovke,desktop">Hodiny</phone>
<phone id="Aplikácie na hlavnej obrazovke,desktop">Kompas</phone>
<phone id="Aplikácie na hlavnej obrazovke,desktop">vivo.com</phone>
<phone id="Aplikácie na hlavnej obrazovke,desktop">Motívy</phone>
<phone id="Aplikácie na hlavnej obrazovke,desktop">Hudba</phone>
<phone id="Aplikácie na hlavnej obrazovke,desktop">Počasie</phone>
<phone id="Aplikácie na hlavnej obrazovke,desktop">EasyShare</phone>
<phone id="Aplikácie na hlavnej obrazovke,desktop">Poznámky</phone>
<phone id="Aplikácie na hlavnej obrazovke,desktop">Prehliadač</phone>
<phone id="Aplikácie na hlavnej obrazovke,desktop">vivoCloud</phone>
<phone id="Aplikácie na hlavnej obrazovke,desktop">V-Appstore</phone>
<phone id="Aplikácie na hlavnej obrazovke,desktop">Herné Centrum</phone>
<phone id="Aplikácie na hlavnej obrazovke,desktop">Video</phone>
<phone id="Aplikácie na hlavnej obrazovke,desktop">Aplikácie Google</phone>

<phone id="Telefón a kontakty,contact">Hovory</phone>
<phone id="Telefón a kontakty,contact">Nastavenia hovoru</phone>
<phone id="Telefón a kontakty,contact">Kontaktná osoba</phone>
<phone id="Telefón a kontakty,contact">Viac činností</phone>
<phone id="Telefón a kontakty,contact">Správy</phone>

<phone id="Nastavenia,settings">Sieť a internet</phone>
<phone id="Nastavenia,settings">Bluetooth a zariadenia</phone>
<phone id="Nastavenia,settings">Obrazovka a jas</phone>
<phone id="Nastavenia,settings">Zamknutá obrazovka a tapeta</phone>
<phone id="Nastavenia,settings">Dynamické efekty</phone>
<phone id="Nastavenia,settings">Zvuk</phone>
<phone id="Nastavenia,settings">Aplikácie</phone>
<phone id="Nastavenia,settings">Batéria</phone>
<phone id="Nastavenia,settings">Pamäť RAM a úložisko</phone>
<phone id="Nastavenia,settings">Bezpečnosť</phone>
<phone id="Nastavenia,settings">Ochrana osobných údajov</phone>
<phone id="Nastavenia,settings">Poloha</phone>
<phone id="Nastavenia,settings">Herný režim Ultra</phone>
<phone id="Nastavenia,settings">Skratky a zjednodušenie prístupu</phone>
<phone id="Nastavenia,settings">Digitálna pohoda a rodičovská kontrola</phone>
<phone id="Nastavenia,settings">Google</phone>
<phone id="Nastavenia,settings">Účty</phone>
<phone id="Nastavenia,settings">Systém</phone>
<phone id="Nastavenia,settings">Informácie o telefóne</phone>
<phone id="Nastavenia,settings" skip="usbdebug">Pre vývojárov</phone>
<phone id="Nastavenia,settings">Aktualizácia systému</phone>
<phone id="Nastavenia,settings" skip="appclone" check="appclone">Klon aplikácie</phone>
<phone id="Nastavenia,settings" check="multiuser">Viacerí používatelia</phone>
<phone id="Nastavenia,settings">Jovi Home</phone>
<phone id="Nastavenia,settings">Oznámenie</phone>

<phone id="Údržba zariadenia,maintain">Informácie o údržbe</phone>
<phone id="Údržba zariadenia,maintain">Telefón a príslušenstvo</phone>
<phone id="Údržba zariadenia,maintain">Pomocník</phone>
<phone id="Údržba zariadenia,maintain">Podporované formáty súborov</phone>
<phone id="Údržba zariadenia,maintain" skip="usbhelp">Pokyny na pripojenie k USB</phone>
</phones>